pair,corpus,query_emb,n_queries,top1_mean,gap_mean,th_ratio_mean,tail_cv_mean,tail_decay_mean,rayleigh_mean,rayleigh_std,arrowspace_score,spearman_cos_hyb,spearman_cos_tau,kendall_cos_hyb,kendall_cos_tau,ndcg_hyb_cos,ndcg_tau_cos,trad_cosine,trad_hybrid,trad_taumode,sem_cosine,sem_hybrid,sem_taumode,tol_cosine,tol_hybrid,tol_taumode
nomic_768__query_nomic_768,nomic_768,query_nomic_768,40,0.7170397713780403,0.019165250658988952,0.9372829428448466,0.017671382379973878,0.001564296583334605,0.9136961516161947,0.04864314781848104,0.7038359482402163,1.0,1.0,1.0,1.0,0.9999996381764573,0.9999996381764573,1.0,0.9991666666666668,0.9991666666666668,1.0,1.0,1.0,1.0,0.9991666666666668,0.9991666666666668
nomic_512__query_nomic_512,nomic_512,query_nomic_512,40,0.7190254718065262,0.019100092351436615,0.9375682425641688,0.018031388528655275,0.0016103305198528148,0.9139683546870438,0.04791271063418453,0.6847136314124962,1.0,0.9999888765294772,1.0,0.9998850574712644,0.9999982570920152,0.9999968485348735,1.0,1.0,1.0,1.0,1.0,1.0,1.0,1.0,1.0
nomic_256__query_nomic_256,nomic_256,query_nomic_256,40,0.7387252882122993,0.01795288473367691,0.9420483717326877,0.01638184855726785,0.0014829053922935768,0.9201731120465958,0.042101666385485396,0.3000000000859814,1.0,1.0,1.0,1.0,0.9999994186153438,0.9999994186153438,1.0,1.0,1.0,1.0,1.0,1.0,1.0,1.0,1.0
